{"cameraMode":{"drawMode":0,"name":"Shaded","section":"Shading Mode"},"sceneLighting":true,"audioPlay":false,"sceneViewState":{"showFog":true,"showMaterialUpdate":false,"showSkybox":false,"showFlares":true,"showImageEffects":true,"showParticleSystems":true},"in2DMode":false,"pivot":{"x":1.0861588716506959,"y":-0.15962179005146027,"z":-0.4890802502632141},"rotation":{"x":0.166426420211792,"y":-0.8332065939903259,"z":0.3589804172515869,"w":0.38627326488494875},"size":9.334172248840332,"orthographic":false}